"Year","Predicted_Population"
2017,786363.199999996
2018,800263.999999996
2019,814164.799999997
2020,828065.599999994
2021,841966.399999995
2022,855867.199999996
2023,869767.999999996
2024,883668.799999993
